instance,total_quantity,logistics_cost,lr,breaches,overfills
1.2,936354.72,34654.00,0.037009,0,416
1.6,491681.64,3483.35,0.007085,0,490
