instance,customers,horizon_hours,best_known,hexaly,gap_percent
V_1.1,12,720,0.027466,0.027485,0.1
V_1.2,12,720,0.027304,0.027477,0.6
V_1.3,53,240,0.013279,0.013505,1.7
V_1.4,64,240,0.015495,0.015464,-0.2
V_1.5,54,240,0.011877,0.011841,-0.3
V_1.6,54,840,0.012812,0.012880,0.5
V_1.7,99,240,0.012890,0.012621,-2.1
V_1.8,99,82,0.007756,0.007756,0.0
V_1.9,99,840,0.015279,0.015815,3.5
V_1.10,89,240,0.018941,0.018371,-3.0
V_1.11,89,840,0.028666,0.028957,1.0
