scenario,shifts,operations,delivered_quantity,unscheduled_customers,served_by_day1,served_by_day10
0,50,180,453263.0926558588,2,6,11
1,50,180,435348.4317488678,2,6,11
2,50,182,458747.1937823257,3,7,11
3,50,180,882990.9328747981,1,5,12
4,50,178,816622.4425763129,3,5,12
5,50,178,830142.4185653657,3,5,12
6,50,187,441565.5630695756,3,7,11
7,50,184,439252.4433458163,2,6,11
8,50,174,859544.5790953835,3,5,11
9,50,174,859360.3135803579,2,5,11
