day,start_minute,end_minute,vmi_consumption,call_in_due_quantity,cumulative_vmi_consumption,cumulative_required_delivery,cumulative_required_delivery_share,smooth_required_daily_average,planned_delivered,planned_shift_starts,cumulative_planned_delivered,cumulative_delivery_gap_to_required,cumulative_delivery_gap_to_smooth_target,daily_delivery_deviation_from_smooth_target,daily_delivery_t_statistic
0,0,1440,254231.8099999991,0.0,254231.8099999991,5122.648342991099,0.0044822070682523805,114288.52493841671,0.0,0,0.0,-5122.648342991099,-114288.52493841671,-114288.52493841671,
1,1440,2880,237682.05000000072,4686.4064199999975,491913.8599999998,39323.683102919706,0.03440737652717882,114288.52493841671,0.0,0,0.0,-39323.683102919706,-228577.04987683342,-114288.52493841671,
2,2880,4320,215318.77999999895,14733.4,707232.6399999987,96480.60459156694,0.08441845289678435,114288.52493841671,0.0,0,0.0,-96480.60459156694,-342865.5748152501,-114288.52493841671,
