day,start_minute,end_minute,vmi_consumption,call_in_due_quantity,cumulative_vmi_consumption,cumulative_required_delivery,cumulative_required_delivery_share,smooth_required_daily_average,smooth_planned_daily_average,planned_delivered,planned_shift_starts,cumulative_planned_delivered,cumulative_delivery_gap_to_required,cumulative_delivery_gap_to_smooth_target,cumulative_delivery_gap_to_planned_average,daily_delivery_deviation_from_smooth_target,daily_delivery_t_statistic
0,0,1440,254231.8099999991,0.0,254231.8099999991,5122.648342991099,0.0044822070682523805,114288.52493841671,228671.35048543886,316658.7859140177,12,316658.7859140177,311536.13757102663,202370.26097560098,87987.43542857884,202370.26097560098,
1,1440,2880,237682.05000000072,4686.4064199999975,491913.8599999998,39323.683102919706,0.03440737652717882,114288.52493841671,228671.35048543886,224888.60864925195,7,541547.3945632697,502223.71146034996,312970.34468643623,84204.69359239197,110600.08371083524,3.4103709289291975
2,2880,4320,215318.77999999895,14733.4,707232.6399999987,96480.60459156694,0.08441845289678435,114288.52493841671,228671.35048543886,327111.14404330234,12,868658.538606572,772177.934015005,525792.9637913218,182644.48715025536,212822.6191048856,5.397297482498957
