instance,solution,official_ratio,hexaly,gap_vs_hexaly_pct,baseline_ratio,improvement_pct,cost,delivered,shifts
V_1.1,v1_1.1_cached_expand3_pruned_maxfill.xml,0.031523,0.027485,14.691649990904132,0.034243,7.9432292731361205,27981.0,887626.0,50
V_1.3,v1_1.3_cached_improved.xml,0.036594,0.013505,170.966308774528,0.037398,2.149847585432374,1449.797771652706,52499.375911468174,4
V_1.4,v1_1.4_cached_improved.xml,0.038188,0.015464,146.94774961200204,0.03852,0.8618899273104885,3707.6004077923467,128802.39368925474,11
V_1.5,v1_1.5_cached_improved.xml,0.018545,0.011841,56.6168397939363,0.01883,1.5135422198619297,910.62,146839.2384553253,7
V_1.8,v1_1.8_cached_improved.xml,0.015479,0.007756,99.57452294997422,0.015808,2.0812246963562764,265.5933333333333,56391.60646910325,3
V_1.10,v1_1.10_cached_improved.xml,0.041155,0.018371,124.02155571280824,0.041741,1.4038954505162904,1739.1466666666665,122749.79497921297,14
